{"Average Checkers Diff Per 20 Games":5.05,"_timestamp":1.7413644235548468e+09,"_runtime":25520.562554,"Loss":102.16316223144531,"_wandb":{"runtime":25562},"_step":498,"Wins Per 20 Games":12}