{"_wandb":{"runtime":103092},"Average Checkers Diff Per 100 Games":-6.12,"Loss":4.596541404724121,"Wins Per 100 Games":25,"_runtime":102546.8302216,"_step":207,"_timestamp":1.7441620932124617e+09}