{"Average Checkers Diff Per 100 Games":8.85,"_timestamp":1.7427419960713859e+09,"_runtime":15.2626451,"_step":0,"_wandb":{"runtime":116},"Wins Per 100 Games":81}