{"_wandb":{"runtime":28415},"Wins Per 100 Games":82,"Average Checkers Diff Per 100 Games":8.98,"_timestamp":1.7450404122378256e+09,"_runtime":28083.1246084,"_step":88,"Loss":3.7404584884643555}