{"_wandb":{"runtime":10},"_runtime":7.1855508,"_step":0,"Wins Per 100 Games":53,"Average Checkers Diff Per 100 Games":0.9,"_timestamp":1.7427421255014822e+09}