{"_wandb":{"runtime":19657},"Average Checkers Diff Per 10 Games":10,"Loss":108.9845199584961,"Wins Per 10 Games":9,"_runtime":19635.5049539,"_step":1013,"_timestamp":1.741286305969346e+09}