{"Average Checkers Diff Per 10 Games":1.4,"_timestamp":1.7418983496998453e+09,"_runtime":31636.1022683,"_step":998,"Wins Per 10 Games":6,"Loss":8.198631286621094,"_wandb":{"runtime":31660}}