{"_wandb":{"runtime":32811},"_step":998,"Wins Per 10 Games":5,"Average Checkers Diff Per 10 Games":3.2,"_timestamp":1.741932026069199e+09,"_runtime":32782.1473631,"Loss":12.149467468261719}