{"Wins Per 100 Games":65,"Average Checkers Diff Per 100 Games":3.95,"_timestamp":1.7425369943013358e+09,"Loss":191.4991455078125,"_wandb":{"runtime":21080},"_runtime":20785.7419541,"_step":68}