{"_wandb":{"runtime":7},"Wins Per 10 Games":1,"Average Checkers Diff Per 10 Games":1.5,"_timestamp":1.7412564477748144e+09,"_runtime":7.6838994,"_step":86}